"Lat","Lon","Name","Full Address","Address","ZIP","City","Country","Source"
48.970462,2.306688,"CKC ETERNAL ENERGY","44 RUE DU GENERAL DE GAULLE, 95880, Val-d'Oise, Frankreich","44 RUE DU GENERAL DE GAULLE","95880","ENGHIEN LES BAINS","France","Amadeus"
48.94938,2.260613,"ETNA INDUSTRIE","8 rue grande ceinture 95100 Argenteuil",NA,NA,NA,"France","Hydrogen France"
48.938985,2.176967,"Tuyaux Flexibles Rudolph","1 à 15 rue du Fiant 78500 Sartrouville",NA,NA,NA,"France","Hydrogen France"
48.937581,2.301857,"EXIDE TECHNOLOGIES SAS","5 ALLEE DES PIERRES MAYETTES, 92230, Hauts-de-Seine, Frankreich","5 ALLEE DES PIERRES MAYETTES","92230","GENNEVILLIERS","France","Amadeus"
48.930178,2.342297,"Station de recharge Hydrogène HysetCo Coubertin","22 Av. Dode de la Brunerie, 75016 Paris, France",NA,NA,NA,"France","Amadeus"
48.9286312,2.34392641870438,"HysetCo","103 Rue Charles Michels, 93200 Saint-Denis, France","95 RUE CHARLES MICHELS","93200","ST DENIS","France","Hydrogen France"
48.9286312,2.34392641870438,"STEP-HYPE","103 rue Charles Michels 93200 Saint Denis",NA,NA,NA,"France","Hydrogen France"
48.924893,2.403701,"DEMGY SPN","75 rue du rateau 93120 La Courneuve",NA,NA,NA,"France","Hydrogen France"
48.92062,2.355079,"Siemens Energy France","40 avenue des fruitiers 93527 Saint-Denis Cedex",NA,NA,NA,"France","Hydrogen France"
48.9184799,2.3515454,"SNCF 2","Place Aux étoiles 2, La Plaine Saint-Denis, 93210, France",NA,NA,NA,"France","Hydrogen Europe"
48.9166573,2.3093804,"VDN H2","4 avenue Laurent Cély 92600 ASNIERES SUR SEINE",NA,NA,NA,"France","Hydrogen France"
48.9166573,2.3093804,"VENTS DU NORD","TOUR D ASNIERES HALL D, 4 AVENUE LAURENT CELY, 92600, Hauts-de-Seine, Frankreich","TOUR D ASNIERES HALL D, 4 AVENUE LAURENT CELY","92600","ASNIERES SUR SEINE","France","Amadeus"
48.914934,2.330397,"ALSTOM France","48 rue Albert Dhalenne 93482 Saint-Ouen-sur-Seine",NA,NA,NA,"France","Hydrogen France"
48.912395,2.331462,"Région Ile-de-France","2, rue Simone Veil 93400 Saint-Ouen",NA,NA,NA,"France","Hydrogen France"
48.910935,2.34403,"BOSCH France","32 avenue Michelet 93400 Saint Ouen sur Seine",NA,NA,NA,"France","Hydrogen France"
48.9086455,2.2295618,"ARKEMA FRANCE","420 RUE D ESTIENNE D ORVES, 92700, Hauts-de-Seine, Frankreich","420 RUE D ESTIENNE D ORVES","92700","COLOMBES","France","Amadeus"
48.908478,2.212569,"SPAC","Immeuble Axe Seine – 1 rue du 1er mai 92752 Nanterre Cedex",NA,NA,NA,"France","Hydrogen France"
48.9077068,2.232585,"Gazel Energie","9 rue du débarcadère 92700 Colombes",NA,NA,NA,"France","Hydrogen France"
48.906533,2.263986,"GRTgaz","Immeuble Bora, 6 rue Raoul Nordling 92270 BOIS-COLOMBES",NA,NA,NA,"France","Hydrogen France"
48.9059703,2.2385448,"Hyundai France","71 boulevard National La Garenne Colombes 92250 La Garenne Colombes",NA,NA,NA,"France","Hydrogen France"
48.905715,2.264213,"LHYMO","12 RUE RAOUL NORDLING, 92270, Hauts-de-Seine, Frankreich","12 RUE RAOUL NORDLING","92270","BOIS COLOMBES","France","Amadeus"
48.905715,2.264213,"STORENGY","Rue Raoul Nordling 12, Bois-Colombes, 92270, France",NA,NA,NA,"France","Hydrogen Europe"
48.903173,2.313523,"RWE Renouvelables","50 rue Madame de Sanzillon  92110 Clichy",NA,NA,NA,"France","Hydrogen France"
48.9022393,2.3695304,"AIR PRODUCTS France","BAT 221 PARC DES PORTES PARIS BAT 270, 45 AVENUE VICTOR HUGO, 93300, Seine-Saint-Denis, Frankreich","BAT 221 PARC DES PORTES PARIS BAT 270, 45 AVENUE VICTOR HUGO","93300","AUBERVILLIERS","France","Amadeus"
48.901444,2.268274,"ITM Power France","18 rue Franklin 92400 Courbevoie",NA,NA,NA,"France","Hydrogen France"
48.9,2.36,"H2 Station",NA,NA,NA,"Saint-Denis","FR","www.H2stations.org"
48.8971044,2.2266324,"VINCI SA","1973 Boulevard de la Défense, CS 10268, Nanterre, 92757, France",NA,NA,NA,"France","Hydrogen Europe"
48.896916,2.229278,"VINCI ENERGIES","2169 Bd de la Défense, 92000 Nanterre",NA,NA,NA,"France","Hydrogen France"
48.8967499,2.2383901,"Keolis","34 Avenue Léonard De Vinci, Courbevoie, F-92400, France",NA,NA,NA,"France","Hydrogen Europe"
48.896639,2.22859,"TECHNIP ENERGIES FRANCE","IMMEUBLE ORIGINE, 2126 BOULEVARD DE LA DEFENSE, 92000, Hauts-de-Seine, Frankreich","IMMEUBLE ORIGINE, 2126 BOULEVARD DE LA DEFENSE","92000","NANTERRE","France","Amadeus"
48.896639,2.22859,"TechnipEnergies","2126 Bd de la Défense CS 10266, 92000 Nanterre, France",NA,NA,NA,"France","Hydrogen France"
48.8963295,2.2847294,"OPmobility","Rue Paul Vaillant Couturier 42, Levallois-Perret Cedex, 92593, France",NA,NA,NA,"France","Hydrogen Europe"
48.8963295,2.2847294,"PLASTIC OMNIUM","42 rue Paul Vaillant-Couturier 92593 LEVALLOIS-PERRET",NA,NA,NA,"France","Hydrogen France"
48.895691,2.2390301,"HYNAMICS","8 AVENUE DE L ARCHE, 92400, Hauts-de-Seine, Frankreich","8 AVENUE DE L ARCHE","92400","COURBEVOIE","France","Amadeus"
48.89559,2.239661,"ENGIE SOLUTIONS H2","FAUBOURG DE L ARCHE, 1 PLACE SAMUEL DE CHAMPLAIN, 92400, Hauts-de-Seine, Frankreich","FAUBOURG DE L ARCHE, 1 PLACE SAMUEL DE CHAMPLAIN","92400","COURBEVOIE","France","Amadeus"
48.89559,2.239661,"Equans France","1 Place Samuel Champlain 92400 COURBEVOIE",NA,NA,NA,"France","Hydrogen France"
48.89559,2.239661,"HYPORT","FAUBOURG DE L ARCHE, 1 PLACE SAMUEL DE CHAMPLAIN, 92400, Hauts-de-Seine, Frankreich","FAUBOURG DE L ARCHE, 1 PLACE SAMUEL DE CHAMPLAIN","92400","COURBEVOIE","France","Amadeus"
48.8949394,2.2914384,"CCI France - Réseau Chambre de Commerce et d'Industrie","8-10 Rue Pierre Brossolette, 92300 Levallois-Perret, France",NA,NA,NA,"France","Hydrogen France"
48.894598,2.235605,"TRAPIL","2-3 Cr du Triangle, 92800 Puteaux, France",NA,NA,NA,"France","Hydrogen France"
48.894244,2.236518,"Bureau Veritas Exploitation","Le triangle de l'Arche, 8 cours du triangle 92937 La Défense Cedex",NA,NA,NA,"France","Hydrogen France"
48.894027,2.284354,"Hynamics - Groupe EDF","Carré Vert - rue Kléber 92300 Levallois-Perret",NA,NA,NA,"France","Hydrogen France"
48.894014,2.283893,"Hynamics (EDF)","Rue Kleber 45, LEVALLOIS PERRET, 92300, France",NA,NA,NA,"France","Hydrogen Europe"
48.89385,2.237727,"Ufip Énergies et Mobilités","Les collines de l'Arche - Opéra C 76 route de la Demi-Lune 92800 Puteaux",NA,NA,NA,"France","Hydrogen France"
48.8934298,2.4129427,"BERIM","149 avenue Jean Lolive 93695 Pantin",NA,NA,NA,"France","Hydrogen France"
48.892689,2.242977,"MASSHYLIA HYDROGEN","LA DEFENSE 6, 2 PLACE JEAN MILLIER, 92400, Hauts-de-Seine, Frankreich","LA DEFENSE 6, 2 PLACE JEAN MILLIER","92400","COURBEVOIE","France","Amadeus"
48.892689,2.242977,"TOTALENERGIES EP COLOMBIE","2 PLACE JEAN MILLIER, 92400, Hauts-de-Seine, Frankreich","2 PLACE JEAN MILLIER","92400","COURBEVOIE","France","Amadeus"
48.892275,2.244325,"MAZARS","61 rue Henri Regnault 92400 Courbevoie - France",NA,NA,NA,"France","Hydrogen France"
48.892065,2.232525,"SHELL FRANCE","11 13 TOUR PACIFIC, 11 COURS VALMY, 92800, Hauts-de-Seine, Frankreich","11 13 TOUR PACIFIC, 11 COURS VALMY","92800","PUTEAUX","France","Amadeus"
48.891914,2.25262,"AIRE NOUVELLE","49 RUE LOUIS BLANC, 92400, Hauts-de-Seine, Frankreich","49 RUE LOUIS BLANC","92400","COURBEVOIE","France","Amadeus"
48.8916913,2.1678667,"HYDROGENE NATUREL","31 RUE RAYMOND QUENEAU, 92500, Hauts-de-Seine, Frankreich","31 RUE RAYMOND QUENEAU","92500","RUEIL MALMAISON","France","Amadeus"
48.8913322,2.3417503,"Avere France","112 quater rue Marcadet 75018 Paris",NA,NA,NA,"France","Hydrogen France"
48.890891,2.172649,"Schneider Electric","35 rue Joseph Monier 92500 Ruel-Malmaison",NA,NA,NA,"France","Hydrogen France"
48.889879,2.254564,"APAVE","6 rue du Général Audran 92400 Courbevoie",NA,NA,NA,"France","Hydrogen France"
48.889558,2.252382,"SUEZ","Tour CB21 - 16 Place de l'Iris 92400 Paris La Défense",NA,NA,NA,"France","Hydrogen France"
48.889323,2.2513,"Bureau Veritas Marine & offshore","Tour Alto, 4 place des saisons, Courbevoie, 92400, France",NA,NA,NA,"France","Hydrogen Europe"
48.88927,2.303582,"France Nouvelles Energies","40 rue Philibert Delorme 75017 Paris",NA,NA,NA,"France","Hydrogen France"
48.888873,2.1664323,"Vinci Construction Grands Projets","5 cours Ferdinand de Lesseps 92500 Rueil-Malmaison",NA,NA,NA,"France","Hydrogen France"
48.888829,2.234133,"LOXAM","Rue Félix Pyat 92043 Puteaux La Défense",NA,NA,NA,"France","Hydrogen France"
48.8883958,2.1708301,"Blue Spirit Aero","11 rue Amédée Bollée 92500 Rueil-Malmaison",NA,NA,NA,"France","Hydrogen France"
48.888318,2.245292,"GULF AFRICA PETROLEUM CORPORATION","24 COURS MICHELET, 92800, Hauts-de-Seine, Frankreich","24 COURS MICHELET","92800","PUTEAUX","France","Amadeus"
48.888318,2.245292,"TOTALENERGIES MARKETING SERVICES","TOUR TOTAL, 24 COURS MICHELET, 92800, Hauts-de-Seine, Frankreich","TOUR TOTAL, 24 COURS MICHELET","92800","PUTEAUX","France","Amadeus"
48.887919,2.244068,"ALDER HOLDINGS SAS","23 27 TOUR DEFENSE PLAZA, 23 RUE DELARIVIERE LEFOULLON, 92800, Hauts-de-Seine, Frankreich","23 27 TOUR DEFENSE PLAZA, 23 RUE DELARIVIERE LEFOULLON","92800","PUTEAUX","France","Amadeus"
48.887341,2.216535,"Faurecia, a company of Forvia","Rue Hennape 2, Nanterre, 92000, France",NA,NA,NA,"France","Hydrogen Europe"
48.8869625,2.2431841,"GESIP","1, rue du Général Leclerc – 92800 PUTEAUX",NA,NA,NA,"France","Hydrogen France"
48.8869625,2.2431841,"SPEGNN","1 rue du Général Leclerc, 92800 PUTEAUX",NA,NA,NA,"France","Hydrogen France"
48.8867489,2.165228,"GEOMETHANE","2 Rue des Martinets, 92500 Rueil-Malmaison, France",NA,NA,NA,"France","Hydrogen France"
48.8867489,2.165228,"GEOSEL MANOSQUE","2 RUE DES MARTINETS, 92500, Hauts-de-Seine, Frankreich","2 RUE DES MARTINETS","92500","RUEIL MALMAISON","France","Amadeus"
48.8866288,2.2445769,"Association Française des Gaz Comprimés","14 rue de la République - Le Diamant A 92800 Puteaux",NA,NA,NA,"France","Hydrogen France"
48.8864464,2.2976787,"BCTG Avocats","14 avenue Gourgaud 75017 Paris",NA,NA,NA,"France","Hydrogen France"
48.886425,2.251741,"Coénove","8 Terrasse Bellini 92800 Puteaux",NA,NA,NA,"France","Hydrogen France"
48.8845182,2.247274,"EVOLEN","13 Rue Jean Jaurès, 92800 Puteaux, France",NA,NA,NA,"France","Hydrogen France"
48.8840622,2.2909643,"SWIFT","22 rue Vernier 75017 Paris",NA,NA,NA,"France","Hydrogen France"
48.8837077,2.2944341,"VASCO PARTNERS","142 boulevard Pereire 75017 Paris",NA,NA,NA,"France","Hydrogen France"
48.8833602,2.2687767,"Terega","8 rue de l 'Hôtel de Ville 92200 NEUILLY SUR SEINE",NA,NA,NA,"France","Hydrogen France"
48.883035,2.272281,"HY 4","20 B RUE LOUIS PHILIPPE, 92200, Hauts-de-Seine, Frankreich","20 B RUE LOUIS PHILIPPE","92200","NEUILLY SUR SEINE","France","Amadeus"
48.882569,2.435193,"LEAU LAVIE","D32 TROISIEME ETAGE, 94 AV DU DOCTEUR DAVID ROSENFELD, 93230, Seine-Saint-Denis, Frankreich","D32 TROISIEME ETAGE, 94 AV DU DOCTEUR DAVID ROSENFELD","93230","ROMAINVILLE","France","Amadeus"
48.8818615,2.3304162,"Borea","16 rue ballu 75009 Paris",NA,NA,NA,"France","Hydrogen France"
48.8815525,2.2664462,"Spie Batignolles","8 rue Victor Noir 92521 Neuilly-sur-Seine Cedex",NA,NA,NA,"France","Hydrogen France"
48.8814558,2.312079,"Kalliopé","98 Boulevard Malesherbes 75017 Paris",NA,NA,NA,"France","Hydrogen France"
48.880817,2.370548,"Wellington","170 Boulevard de la Villette 75019 Paris",NA,NA,NA,"France","Hydrogen France"
48.8795691,2.3484703,"GRDF","6 rue Condorcet 75009 Paris",NA,NA,NA,"France","Hydrogen France"
48.879218,2.3248498,"HOPIUM","43 RUE DE LIEGE, 75008, Paris, Frankreich","43 RUE DE LIEGE","75008","PARIS","France","Amadeus"
48.8791294,2.1660008,"Axens","89, bd Franklin Roosevelt 92508 Rueil-Malmaison – France",NA,NA,NA,"France","Hydrogen France"
48.8788451,2.3132154,"SIGEIF","64 bis rue de Monceau  75008 Paris",NA,NA,NA,"France","Hydrogen France"
48.8781195,2.2320262,"MOBILIANS","50 rue Rouget de Lisle 92158 SURESNES CEDEX",NA,NA,NA,"France","Hydrogen France"
48.8777159,2.3040221,"AIP","4 avenue Hoche 75008 Paris",NA,NA,NA,"France","Hydrogen France"
48.8775524,2.328086,"NHOA","28 RUE DE LONDRES, 75009, Paris, Frankreich","28 RUE DE LONDRES","75009","PARIS","France","Amadeus"
48.877225,2.1728806,"IFP School","228-232 avenue Napoléon Bonaparte 92500 Rueil Malmaison",NA,NA,NA,"France","Hydrogen France"
48.877088,2.3138703,"KALLISTA BDR","18 RUE TREILHARD, 75008, Paris, Frankreich","18 RUE TREILHARD","75008","PARIS","France","Amadeus"
48.876731,2.29747,"EIFER","22-30 avenue de Wagram 75008 PARIS, FRANCE",NA,NA,NA,"France","Hydrogen France"
48.8766026,2.1736995,"IFP Energies Nouvelles (IFPEN)","1-4 Av. du Bois Préau 192500 Rueil-Malmaison, Francia",NA,NA,NA,"France","Hydrogen Europe Research"
48.8766026,2.1736995,"IFPEN","Etablissement de Paris : 1 à 4 avenue de Bois Préau - 92852 Rueil Malmaison Cedex / Etablissement de Lyon : Rond-point de l'échangeur de Solaize - BP 3 - 69360 Solaize",NA,NA,NA,"France","Hydrogen France"
48.8760373,2.3297775,"HYXOS","80, rue Saint Lazare, 75009 Paris",NA,NA,NA,"France","Hydrogen France"
48.8760373,2.3297775,"INTHY DEVELOPPEMENT","80 RUE SAINT LAZARE, 75009, Paris, Frankreich","80 RUE SAINT LAZARE","75009","PARIS","France","Amadeus"
48.8760373,2.3297775,"JUSTY INGENIERIE ENERGIES","80 RUE SAINT LAZARE, 75008, Paris, Frankreich","80 RUE SAINT LAZARE","75008","PARIS 08","France","Amadeus"
48.8759634,2.3084421,"Norton Rose Fulbright","40 rue de Courcelles 75008 Paris",NA,NA,NA,"France","Hydrogen France"
48.8759316,2.3303682,"ARTELYS SAS","81 rue Saint Lazare, Paris, 75009, France",NA,NA,NA,"France","Hydrogen Europe"
48.8759316,2.3303682,"REUNIR","81 rue saint Lazare 75009 Paris",NA,NA,NA,"France","Hydrogen France"
48.8757693,2.2993555,"Eneralys","36 avenue Hoche 75008 Paris",NA,NA,NA,"France","Hydrogen France"
48.8757693,2.2993555,"H2V 59 LOON PLAGE","36 AVENUE HOCHE, 75008, Paris, Frankreich","36 AVENUE HOCHE","75008","PARIS","France","Amadeus"
48.8755937,2.2854967,"FEDA","10 Rue Pergolèse 75116 Paris",NA,NA,NA,"France","Hydrogen France"
48.8753041,2.3120856,"Syntec Ingénierie","148 Boulevard Haussmann 75008 Paris",NA,NA,NA,"France","Hydrogen France"
48.875031,2.3128989,"CB TRD","135 Boulevard Haussmann-75008 Paris",NA,NA,NA,"France","Hydrogen France"
48.8749232,2.3325339,"Neot Green Mobility","60 rue de la Chaussée d’Antin 75009 Paris",NA,NA,NA,"France","Hydrogen France"
48.873887,2.3359594,"Theoreme - A Howden Company","13 Rue La Fayette, 75009 Paris, France",NA,NA,NA,"France","Hydrogen France"
48.8733214,2.328085,"GP JOULE FRANCE","16 RUE AUBER, 75009, Paris, Frankreich","16 RUE AUBER","75009","PARIS","France","Amadeus"
48.8731663,2.325804,"pHYnix","25 rue des Mathurins 75008 Paris",NA,NA,NA,"France","Hydrogen France"
48.8731246,2.3429397,"NATUREO FINANCE","21 rue du Faubourg Montmartre 75009 PARIS",NA,NA,NA,"France","Hydrogen France"
48.8728426,2.3047888,"Sia Partners","21 rue de Berri 75008 Paris",NA,NA,NA,"France","Hydrogen France"
48.872416,2.340163,"FIVES","3 RUE DROUOT 750009 PARIS",NA,NA,NA,"France","Hydrogen France"
48.8723901,2.2982916,"SPECIALTY MINERALS FRANCE","121 AVENUE DES CHAMPS ELYSEES, 75008, Paris, Frankreich","121 AVENUE DES CHAMPS ELYSEES","75008","PARIS","France","Amadeus"
48.8720727,2.2949073,"NEBULA TECHNOLOGIES","37 RUE LA PEROUSE, 75116, Paris, Frankreich","37 RUE LA PEROUSE","75116","PARIS","France","Amadeus"
48.8720214,2.2905934,"Watson Farley & Williams","28 avenue Victor Hugo 75116 Paris",NA,NA,NA,"France","Hydrogen France"
48.8719642,2.3338448,"Clean Horizon Consulting","12 rue de la Chaussée d’Antin 75009 Paris",NA,NA,NA,"France","Hydrogen France"
48.8718672,2.3029523,"FNTP","3 rue de Berri 75008 Paris",NA,NA,NA,"France","Hydrogen France"
48.8716761,2.3289952,"PHYNIX France","6 SQUARE DE L OPERA LOUIS JOUVET, 75009, Paris, Frankreich","6 SQUARE DE L OPERA LOUIS JOUVET","75009","PARIS","France","Amadeus"
48.8716761,2.3289952,"TRANSITION HYDROGENE","6 SQUARE DE L OPERA LOUIS JOUVET, 75009, Paris, Frankreich","6 SQUARE DE L OPERA LOUIS JOUVET","75009","PARIS","France","Amadeus"
48.871307,2.335114,"KEIRYO","34 BOULEVARD DES ITALIENS, 75009, Paris, Frankreich","34 BOULEVARD DES ITALIENS","75009","PARIS","France","Amadeus"
48.8712949,2.3136468,"AXA","25 Avenue Matignon, Paris, Ile-de-France, 75008",NA,NA,NA,"France","Hydrogen France"
48.8707708,2.2316273,"Messer France","24 Quai Gallieni - CS 90040 92156 Suresnes",NA,NA,NA,"France","Hydrogen France"
48.8705336,2.34565,"Blunomy Advisory","17-21 Rue Saint-Fiacre, 75002 Paris, France",NA,NA,NA,"France","Hydrogen France"
48.87013,2.309885,"VERSO ENERGY","49 B AVENUE FRANKLIN DELANO ROOSEVELT, 75008, Paris, Frankreich","49 B AVENUE FRANKLIN DELANO ROOSEVELT","75008","PARIS","France","Amadeus"
48.8688256,2.30323,"HYLIKO","41 RUE FRANCOIS 1ER, 75008, Paris, Frankreich","41 RUE FRANCOIS 1ER","75008","PARIS","France","Amadeus"
48.8679717,2.3000457,"HYDWEY","37 AVENUE PIERRE 1ER DE SERBIE, 75008, Paris, Frankreich","37 AVENUE PIERRE 1ER DE SERBIE","75008","PARIS","France","Amadeus"
48.8679717,2.3000457,"IDEC ENERGY","37 AVENUE PIERRE 1ER DE SERBIE, 75008, Paris, Frankreich","37 AVENUE PIERRE 1ER DE SERBIE","75008","PARIS","France","Amadeus"
48.8679395,2.3211581,"La Plateforme Verte","9 rue Boissy d’Anglas 75008 Paris",NA,NA,NA,"France","Hydrogen France"
48.8675715,2.3224497,"Freget Glaser & Associés","7 rue Royale 75008 Paris",NA,NA,NA,"France","Hydrogen France"
48.8675371,2.3377392,"HY24","69 rue de Richelieu 75002 Paris",NA,NA,NA,"France","Hydrogen France"
48.8672098,2.2920402,"UNIVERSITE MOHAMMED 6 POLYTECHNIQUE","19 RUE DE L’AMIRAL HAMELIN 75016 PARIS",NA,NA,NA,"France","Hydrogen France"
48.8665539,2.3253878,"REV/RETROFUTURE","5 rue Cambon 75001 Paris",NA,NA,NA,"France","Hydrogen France"
48.8663333,2.3645359,"Conseil départemental de Loir-et-Cher","1 PLACE DE LA REPUBLIQUE",NA,NA,NA,"France","Hydrogen France"
48.8662226,2.3292035,"Hydrogen Advisors","231 rue Saint Honoré 75001 Paris",NA,NA,NA,"France","Hydrogen France"
48.8653429,2.3312506,"GH2","320 RUE SAINT HONORE, 75001, Paris, Frankreich","320 RUE SAINT HONORE","75001","PARIS","France","Amadeus"
48.8641465,2.3797039,"LAST MHYLE","84 AVENUE DE LA REPUBLIQUE, 75011, Paris, Frankreich","84 AVENUE DE LA REPUBLIQUE","75011","PARIS","France","Amadeus"
48.8622331,2.3047133,"OXYGENE ACETYLENE EXTREME ORIENT","75 QUAI D ORSAY, 75007, Paris, Frankreich","75 QUAI D ORSAY","75007","PARIS","France","Amadeus"
48.8618312,2.3045629,"AIR LIQUIDE HYDROGENE","6 RUE COGNACQ JAY, 75007, Paris, Frankreich","6 RUE COGNACQ JAY","75007","PARIS","France","Amadeus"
48.861757,2.3598,"Hinicio France","64-66 Rue des Archives 75003 Paris",NA,NA,NA,"France","Hydrogen France"
48.8614732,2.3094654,"HYCARGO","11 rue Surcouf, 75007 Paris, FRANCE",NA,NA,NA,"France","Hydrogen France"
48.861143,2.37073,"SOLADVENT","18 IMPASSE SAINT SEBASTIEN, 75011, Paris, Frankreich","18 IMPASSE SAINT SEBASTIEN","75011","PARIS","France","Amadeus"
48.8608525,2.310079,"FNCCR","20 Bd de la Tour-Maubourg, 75007 Paris, France",NA,NA,NA,"France","Hydrogen France"
48.8599936,2.3109038,"Schlumberger","42 rue Saint Dominique 75007 Paris",NA,NA,NA,"France","Hydrogen France"
48.8599936,2.3109038,"SLB","Rue St Dominique 42, Paris, 75007, France",NA,NA,NA,"France","Hydrogen Europe"
48.8597117,2.285756,"Laurent THERY","7 Avenue De Camoens",NA,NA,NA,"France","Hydrogen France"
48.856854,2.2652265,"ENRHEV","5 AVENUE INGRES, 75016, Paris, Frankreich","5 AVENUE INGRES","75016","PARIS","France","Amadeus"
48.8530191,2.3896788,"ATH","9 RUE ALEXANDRE DUMAS, 75011, Paris, Frankreich","9 RUE ALEXANDRE DUMAS","75011","PARIS","France","Amadeus"
48.8516411,2.3834581,"ERM FRANCE","13 RUE FAIDHERBE, Paris, 75011, France",NA,NA,NA,"France","Hydrogen Europe"
48.851307,2.146464,"Meije Development","23 Le Clos Baptiste 44 rue de Vinde 70170 La Celle St Cloud",NA,NA,NA,"France","Hydrogen France"
48.8476256,2.2640027,"Centre National de la Recherche Scientifique (CNRS)","CNRS Rue Michel-Ange 3, 75016, Ile-de-France France",NA,NA,NA,"France","Hydrogen Europe Research"
48.8462682,2.2609682,"Acaplast","24 rue Erlanger  75016 Paris",NA,NA,NA,"France","Hydrogen France"
48.8459896,2.3795371,"FillnDrive","130 rue Charenton 75012 PARIS",NA,NA,NA,"France","Hydrogen France"
48.8456409,2.3784003,"France Hydrogène","Avenue Daumesnil 50, Paris, 75012, France",NA,NA,NA,"France","Hydrogen Europe"
48.845632,2.339672,"H2MINES - Carnot M.I.N.E.S","60, bd Saint-Michel - 75006 Paris",NA,NA,NA,"France","Hydrogen France"
48.845632,2.339672,"MINES ParisTech/ARMINES PERSEE","Boulevard Saint-Michel 60, 75006 Paris, Ile-de-France France",NA,NA,NA,"France","Hydrogen Europe Research"
48.8454723,2.3252535,"FRANCE SUPPLY CHAIN","140 bis rue de Rennes 75006 PARIS",NA,NA,NA,"France","Hydrogen France"
48.8432649,2.2379122,"JFB Consulting","26 Boulevard Jean Jaurès 92100 Boulogne",NA,NA,NA,"France","Hydrogen France"
48.8428024,2.3746727,"H2 CRETEIL","173 175 TOUR DE BERCY, 173 RUE DE BERCY, 75012, Paris, Frankreich","173 175 TOUR DE BERCY, 173 RUE DE BERCY","75012","PARIS","France","Amadeus"
48.842793,2.371999,"RATP","54 quai de la Rapée 750012 Paris",NA,NA,NA,"France","Hydrogen France"
48.842038,2.250509,"EIFFAGE ENERGIE SYSTEMES","3-7 Pl. de l'Europe, 78140 Vélizy-Villacoublay, France",NA,NA,NA,"France","Hydrogen France"
48.8413419,2.3681815,"VERDIBUS TERRITOIRES","72 AVENUE PIERRE MENDES FRANCE, 75013, Paris, Frankreich","72 AVENUE PIERRE MENDES FRANCE","75013","PARIS","France","Amadeus"
48.84,2.26,"H2 Station",NA,NA,NA,"Paris","FR","www.H2stations.org"
48.84,2.38,"H2 Station",NA,NA,NA,"Paris","FR","www.H2stations.org"
48.8399972,2.2737149,"Commissariat à l'énergie atomique et aux énergies alternatives (CEA)","Rue Leblanc 25, 75015, Paris, France",NA,NA,NA,"France","Hydrogen Europe Research"
48.839419,2.30157,"Arhyze","281 rue de Vaugirard 75015 Paris",NA,NA,NA,"France","Hydrogen France"
48.8374517,2.2405908,"MP DATA Technologies","39 rue de la saussière 92100 Boulogne Billancourt",NA,NA,NA,"France","Hydrogen France"
48.83716,2.370488,"Caisse des Dépôts","72, avenue Pierre Mendès France 75914 PARIS CEDEX 13",NA,NA,NA,"France","Hydrogen France"
48.8346536,2.289455,"BONACIEUX ENERGIES","24 RUE AUGUSTE CHABRIERES, 75015, Paris, Frankreich","24 RUE AUGUSTE CHABRIERES","75015","PARIS","France","Amadeus"
48.834484,2.256997,"ELLIPSE GROUP","305 Avenue le Jour se Lève, 92100 Boulogne",NA,NA,NA,"France","Hydrogen France"
48.8337779,2.3575561,"ENSAM","151 Bd de l'Hôpital, 75013 Paris",NA,NA,NA,"France","Hydrogen France"
48.8311187,2.3764903,"Accenture","118 avenue de France 75013 Paris",NA,NA,NA,"France","Hydrogen France"
48.8302676,2.2319745,"RENAULT VEHICLE INNOVATION","122 AVENUE DU GENERAL LECLERC, 92100, Hauts-de-Seine, Frankreich","122 AVENUE DU GENERAL LECLERC","92100","BOULOGNE BILLANCOURT","France","Amadeus"
48.83,2.26,"H2 Station",NA,NA,NA,"Issy-les-Moulineaux","FR","www.H2stations.org"
48.829435,2.295313,"LNE","1, rue Gaston Boissier 75724 PARIS Cedex 15 75724 Paris Cedex 15",NA,NA,NA,"France","Hydrogen France"
48.8286797,2.2404739,"Plug Power - HyPulsion","Place Paul Verlaine 1, Boulogne-Billancourt, 92100, France",NA,NA,NA,"France","Hydrogen Europe"
48.8279094,2.2353155,"MICHELIN","27, cours de l'île Seguin 92105 BOULOGNE BILLANCOURT CEDEX",NA,NA,NA,"France","Hydrogen France"
48.8278064,2.2641219,"Transdev","3 Allée de Grenelle 92130 ISSY-LES-MOULINEAUX",NA,NA,NA,"France","Hydrogen France"
48.820605,2.233734,"Vallourec","12 rue de la Verrerie 92190 Meudon",NA,NA,NA,"France","Hydrogen France"
48.8141073,2.3159705,"IMING","41 rue Périer  92120 Montrouge",NA,NA,NA,"France","Hydrogen France"
48.81,2.4,"H2 Station",NA,NA,NA,"Ivry sur Seine","FR","www.H2stations.org"
48.8093427,2.3268665,"SGS","29 Avenue Aristide Briand 94110 Arcueil",NA,NA,NA,"France","Hydrogen France"
48.803063,2.29267,"Régulateurs Georgin","14-16 rue Pierre Sémard 92320 Chatillon",NA,NA,NA,"France","Hydrogen France"
48.8,2.29,"H2 Station",NA,NA,NA,"Châtillon","FR","www.H2stations.org"
48.7946169,2.2755828,"VALLEE SUD HYDROGENE","28 RUE DE LA REDOUTE, 92260, Hauts-de-Seine, Frankreich","28 RUE DE LA REDOUTE","92260","FONTENAY AUX ROSES","France","Amadeus"
40.458236,-3.684418,"Circle Energy","Avda. Alberto Alcocer 24 , piso 7 , 28036 - Madrid",NA,NA,NA,"Spain","Hydrogen Spain"
40.458236,-3.684418,"H2 to Market","Avenida Alberto Alcocer 24, piso 7.28043 Madrid",NA,NA,NA,"Spain","Hydrogen Spain"
40.4574573,-3.6811942,"INECO (Ingeniería y Economía del Transporte, SME MP SA)","Paseo de la Habana, 138 28036 Madrid (España)",NA,NA,NA,"Spain","Hydrogen Spain"
40.453453,-3.694442,"Recurrent Energy","Avenida General Peron, 27 10º planta",NA,NA,NA,"Spain","Hydrogen Spain"
40.4531247,-3.6929749,"X-ELIO","Calle del Poeta Joan Maragall, 1, Madrid, 28020, Spain",NA,NA,NA,"Spain","Hydrogen Europe"
40.4518382,-3.6915646,"Q Energy GmbH","Paseo de la Castellana 95, Planta 13, 28046 Madrid",NA,NA,NA,"Spain","Hydrogen Spain"
40.4506761,-3.6914724,"CETREN","PASEO DE LA CASTELLANA, 91. PLANTA 10 28046, MADRID",NA,NA,NA,"Spain","Hydrogen Spain"
40.4506761,-3.6914724,"RIC SUN INVESTMENTS SL","Paseo de la Castellana 91. Planta 4. Ofic. 4.  28046. Madrid",NA,NA,NA,"Spain","Hydrogen Spain"
40.4502783,-3.6928216,"Everoze SP","Impact Hub Picasso, Plaza Pablo Ruiz Picasso, 1, 28020 Madrid, España",NA,NA,NA,"Spain","Hydrogen Spain"
40.448439,-3.695854,"NIPPON GASES ESPAÑA S.L.U.","Calle Orense, 11 5ª Planta. 28020 Madrid",NA,NA,NA,"Spain","Hydrogen Spain"
40.448439,-3.695854,"OXIMESA S.L.U.","CALLE ORENSE, 11 PLT 5, 28020, Madrid, Spanien","CALLE ORENSE, 11 PLT 5","28020","MADRID","Spain","Amadeus"
40.448102,-3.689291,"Gunvor Group Ltd","calle Balbina Valverde 17 - 28002 Madrid",NA,NA,NA,"Spain","Hydrogen Spain"
40.4475159,-3.6926919,"AIR LIQUIDE Spain","Paseo de la Castellana, 79, 28046, Madrid",NA,NA,NA,"Spain","Hydrogen Spain"
40.443354,-3.68076,"FBB PARTNERS","C. de Felipe Campos, 19, Chamartín, 28002 Madrid, Spain",NA,NA,NA,"Spain","Hydrogen Spain"
40.442758,-3.696851,"GENELEC INVEST SA.","CALLE CRISTOBAL BORDIU, 46, 28003, Madrid, Spanien","CALLE CRISTOBAL BORDIU, 46","28003","MADRID","Spain","Amadeus"
40.4412865,-3.6902572,"NANO4ENERGY SL","C. de José Gutiérrez Abascal, 2, Chamartín, 28006 Madrid, Spain",NA,NA,NA,"Spain","Hydrogen Spain"
40.4411086,-3.68766488600705,"CSIC - Agencia Estatal Consejo Superior De Investigaciones Científicas","Calle Serrano 117, 28006 Madrid, Community of Madrid Spain",NA,NA,NA,"Spain","Hydrogen Europe Research"
40.4409945,-3.6878876,"CONSEJO SUPERIOR DE INVESTIGACIONES CIENTÍFICAS (CSIC)","C. de Serrano, 117, Chamartín, 28006 Madrid, Spain",NA,NA,NA,"Spain","Hydrogen Spain"
40.4386515,-3.6904032,"SEEIT GAS SLU","P.º de la Castellana, 74, PISO 1 A, Chamartín, 28046 Madrid, Spain",NA,NA,NA,"Spain","Hydrogen Spain"
40.437343,-3.686865,"Nara Solar","Calle López de Hoyos 15, 3º Dcha, 28006, Madrid",NA,NA,NA,"Spain","Hydrogen Spain"
40.437292,-3.682767,"Frv x Global service","C/Maria de Molina 40, 5º, Madrid, 28006, Spain",NA,NA,NA,"Spain","Hydrogen Europe"
40.4371769,-3.6816333,"Confederación Española de Empresarios de Estaciones de Servicio (CEEES)","Calle de Núñez de Balboa, 116, 3ª planta, 28006 Madrid",NA,NA,NA,"Spain","Hydrogen Spain"
40.4370929,-3.6886031,"Invenergy","Calle del Pinar, 5 28006 Madrid",NA,NA,NA,"Spain","Hydrogen Spain"
40.4364524,-3.6963197,"HISPALYT","C. de Orense, 10, 2ª Planta, Tetuán, 28020 Madrid, Spain",NA,NA,NA,"Spain","Hydrogen Spain"
40.4353467,-3.6863216,"ATAWEY SAS","Calle Serrano 110, 28006, Madrid",NA,NA,NA,"Spain","Hydrogen Spain"
40.434146,-3.693481,"HIDRÓGENO VERDE RENOVABLE SL (HVR energy)","Zurbano, 45 1º - 28010 Madrid",NA,NA,NA,"Spain","Hydrogen Spain"
40.4332193,-3.6876122,"Copenhaguen Infrastructure Partners","P.º de la Castellana, 40 bis, Planta 2, Salamanca, 28046 Madrid, Spain",NA,NA,NA,"Spain","Hydrogen Spain"
40.432788,-3.676343,"EHS Techniques","Juan Bravo, 49",NA,NA,NA,"Spain","Hydrogen Spain"
40.4327302,-3.6877853,"VINCI Energies España, S.A.U.","Paseo de la Castellana 41, 2ªPlanta, 28046, Madrid",NA,NA,NA,"Spain","Hydrogen Spain"
40.4324793,-3.6847127,"pHYnix Spain","Calle Lagasca 95, Madrid 28006",NA,NA,NA,"Spain","Hydrogen Spain"
40.4313894,-3.6834396,"Aon","C. de Velázquez, 86D, Salamanca, 28006 Madrid, Spain",NA,NA,NA,"Spain","Hydrogen Spain"
